-- MySQL dump 10.13  Distrib 8.0.40, for Win64 (x86_64)
--
-- Host: 127.0.0.1    Database: ecommerce
-- ------------------------------------------------------
-- Server version	9.1.0

/*!40101 SET @OLD_CHARACTER_SET_CLIENT=@@CHARACTER_SET_CLIENT */;
/*!40101 SET @OLD_CHARACTER_SET_RESULTS=@@CHARACTER_SET_RESULTS */;
/*!40101 SET @OLD_COLLATION_CONNECTION=@@COLLATION_CONNECTION */;
/*!50503 SET NAMES utf8 */;
/*!40103 SET @OLD_TIME_ZONE=@@TIME_ZONE */;
/*!40103 SET TIME_ZONE='+00:00' */;
/*!40014 SET @OLD_UNIQUE_CHECKS=@@UNIQUE_CHECKS, UNIQUE_CHECKS=0 */;
/*!40014 SET @OLD_FOREIGN_KEY_CHECKS=@@FOREIGN_KEY_CHECKS, FOREIGN_KEY_CHECKS=0 */;
/*!40101 SET @OLD_SQL_MODE=@@SQL_MODE, SQL_MODE='NO_AUTO_VALUE_ON_ZERO' */;
/*!40111 SET @OLD_SQL_NOTES=@@SQL_NOTES, SQL_NOTES=0 */;

--
-- Table structure for table `customer`
--

DROP TABLE IF EXISTS `customer`;
/*!40101 SET @saved_cs_client     = @@character_set_client */;
/*!50503 SET character_set_client = utf8mb4 */;
CREATE TABLE `customer` (
  `CustomerID` int NOT NULL AUTO_INCREMENT,
  `Name` varchar(100) DEFAULT NULL,
  `Email` varchar(100) DEFAULT NULL,
  `Phone` varchar(15) DEFAULT NULL,
  `Address` varchar(255) DEFAULT NULL,
  PRIMARY KEY (`CustomerID`)
) ENGINE=InnoDB AUTO_INCREMENT=6 DEFAULT CHARSET=utf8mb4 COLLATE=utf8mb4_0900_ai_ci;
/*!40101 SET character_set_client = @saved_cs_client */;

--
-- Dumping data for table `customer`
--

LOCK TABLES `customer` WRITE;
/*!40000 ALTER TABLE `customer` DISABLE KEYS */;
INSERT INTO `customer` VALUES (1,'John Doe','john.doe@example.com','1234567890','123 Elm Street'),(2,'Jane Smith','jane.smith@example.com','9876543210','456 Oak Avenue'),(3,'Alice Brown','alice.brown@example.com','1112223333','789 Maple Lane'),(4,'Bob Green','bob.green@example.com','4445556666','321 Pine Road'),(5,'Emma White','emma.white@example.com','7778889999','654 Cedar Court');
/*!40000 ALTER TABLE `customer` ENABLE KEYS */;
UNLOCK TABLES;

--
-- Table structure for table `orderdetails`
--

DROP TABLE IF EXISTS `orderdetails`;
/*!40101 SET @saved_cs_client     = @@character_set_client */;
/*!50503 SET character_set_client = utf8mb4 */;
CREATE TABLE `orderdetails` (
  `OrderID` int NOT NULL,
  `ProductID` int NOT NULL,
  `Quantity` int DEFAULT NULL,
  PRIMARY KEY (`OrderID`,`ProductID`),
  KEY `ProductID` (`ProductID`),
  CONSTRAINT `orderdetails_ibfk_1` FOREIGN KEY (`OrderID`) REFERENCES `orders` (`OrderID`),
  CONSTRAINT `orderdetails_ibfk_2` FOREIGN KEY (`ProductID`) REFERENCES `product` (`ProductID`)
) ENGINE=InnoDB DEFAULT CHARSET=utf8mb4 COLLATE=utf8mb4_0900_ai_ci;
/*!40101 SET character_set_client = @saved_cs_client */;

--
-- Dumping data for table `orderdetails`
--

LOCK TABLES `orderdetails` WRITE;
/*!40000 ALTER TABLE `orderdetails` DISABLE KEYS */;
INSERT INTO `orderdetails` VALUES (1,1,1),(1,3,2),(2,2,1),(2,5,3),(3,4,1),(3,6,2),(4,8,1),(4,9,1),(5,7,1),(5,10,2);
/*!40000 ALTER TABLE `orderdetails` ENABLE KEYS */;
UNLOCK TABLES;

--
-- Table structure for table `orders`
--

DROP TABLE IF EXISTS `orders`;
/*!40101 SET @saved_cs_client     = @@character_set_client */;
/*!50503 SET character_set_client = utf8mb4 */;
CREATE TABLE `orders` (
  `OrderID` int NOT NULL AUTO_INCREMENT,
  `OrderDate` date DEFAULT NULL,
  `CustomerID` int DEFAULT NULL,
  PRIMARY KEY (`OrderID`),
  KEY `CustomerID` (`CustomerID`),
  CONSTRAINT `orders_ibfk_1` FOREIGN KEY (`CustomerID`) REFERENCES `customer` (`CustomerID`)
) ENGINE=InnoDB AUTO_INCREMENT=6 DEFAULT CHARSET=utf8mb4 COLLATE=utf8mb4_0900_ai_ci;
/*!40101 SET character_set_client = @saved_cs_client */;

--
-- Dumping data for table `orders`
--

LOCK TABLES `orders` WRITE;
/*!40000 ALTER TABLE `orders` DISABLE KEYS */;
INSERT INTO `orders` VALUES (1,'2024-11-10',1),(2,'2024-11-11',2),(3,'2024-11-12',3),(4,'2024-11-13',4),(5,'2024-11-14',5);
/*!40000 ALTER TABLE `orders` ENABLE KEYS */;
UNLOCK TABLES;

--
-- Table structure for table `payment`
--

DROP TABLE IF EXISTS `payment`;
/*!40101 SET @saved_cs_client     = @@character_set_client */;
/*!50503 SET character_set_client = utf8mb4 */;
CREATE TABLE `payment` (
  `PaymentID` int NOT NULL AUTO_INCREMENT,
  `OrderId` int DEFAULT NULL,
  `PaymentDate` date DEFAULT NULL,
  `Amount` decimal(10,2) DEFAULT NULL,
  PRIMARY KEY (`PaymentID`),
  KEY `OrderId` (`OrderId`),
  CONSTRAINT `payment_ibfk_1` FOREIGN KEY (`OrderId`) REFERENCES `orders` (`OrderID`)
) ENGINE=InnoDB AUTO_INCREMENT=6 DEFAULT CHARSET=utf8mb4 COLLATE=utf8mb4_0900_ai_ci;
/*!40101 SET character_set_client = @saved_cs_client */;

--
-- Dumping data for table `payment`
--

LOCK TABLES `payment` WRITE;
/*!40000 ALTER TABLE `payment` DISABLE KEYS */;
INSERT INTO `payment` VALUES (1,1,'2024-11-10',1500.00),(2,2,'2024-11-11',950.00),(3,3,'2024-11-12',475.00),(4,4,'2024-11-13',370.00),(5,5,'2024-11-14',660.00);
/*!40000 ALTER TABLE `payment` ENABLE KEYS */;
UNLOCK TABLES;

--
-- Table structure for table `product`
--

DROP TABLE IF EXISTS `product`;
/*!40101 SET @saved_cs_client     = @@character_set_client */;
/*!50503 SET character_set_client = utf8mb4 */;
CREATE TABLE `product` (
  `ProductID` int NOT NULL AUTO_INCREMENT,
  `Name` varchar(100) DEFAULT NULL,
  `Description` text,
  `Price` decimal(10,2) DEFAULT NULL,
  `StockQuantity` int DEFAULT NULL,
  PRIMARY KEY (`ProductID`)
) ENGINE=InnoDB AUTO_INCREMENT=11 DEFAULT CHARSET=utf8mb4 COLLATE=utf8mb4_0900_ai_ci;
/*!40101 SET character_set_client = @saved_cs_client */;

--
-- Dumping data for table `product`
--

LOCK TABLES `product` WRITE;
/*!40000 ALTER TABLE `product` DISABLE KEYS */;
INSERT INTO `product` VALUES (1,'Laptop','High-performance laptop',1200.00,50),(2,'Smartphone','Latest model smartphone',800.00,100),(3,'Headphones','Noise-cancelling headphones',150.00,200),(4,'Keyboard','Mechanical keyboard',75.00,150),(5,'Mouse','Wireless mouse',50.00,120),(6,'Monitor','24-inch HD monitor',200.00,80),(7,'Printer','All-in-one printer',300.00,40),(8,'Tablet','10-inch Android tablet',250.00,60),(9,'Speaker','Portable Bluetooth speaker',120.00,90),(10,'Smartwatch','Fitness tracker smartwatch',180.00,70);
/*!40000 ALTER TABLE `product` ENABLE KEYS */;
UNLOCK TABLES;
/*!40103 SET TIME_ZONE=@OLD_TIME_ZONE */;

/*!40101 SET SQL_MODE=@OLD_SQL_MODE */;
/*!40014 SET FOREIGN_KEY_CHECKS=@OLD_FOREIGN_KEY_CHECKS */;
/*!40014 SET UNIQUE_CHECKS=@OLD_UNIQUE_CHECKS */;
/*!40101 SET CHARACTER_SET_CLIENT=@OLD_CHARACTER_SET_CLIENT */;
/*!40101 SET CHARACTER_SET_RESULTS=@OLD_CHARACTER_SET_RESULTS */;
/*!40101 SET COLLATION_CONNECTION=@OLD_COLLATION_CONNECTION */;
/*!40111 SET SQL_NOTES=@OLD_SQL_NOTES */;

-- Dump completed on 2024-11-18 15:10:42
